{"Name":"Schmiedewaren ","Herstellung\/Beschaffung":"aus material Handwerk (10 aus einem Material)","Preis":861,"Volantilit\u00e4t":40,"G1Plus":"Eid Rah Kari","G2Plus":"Eldira","G3Plus":"Himmelsspitzen Ost","G1Minus":null,"G2Minus":"Herzland","G3Minus":"Dunstspitzen","Positives":["Eid Rah Kari","Eldira","Himmelsspitzen Ost"],"Negatives":[null,"Herzland","Dunstspitzen"]}
{"Name":"Edelmetalle ","Herstellung\/Beschaffung":"loot, abbau","Preis":783,"Volantilit\u00e4t":75,"G1Plus":"Berma-tal","G2Plus":"nachtberge","G3Plus":"Dunstspitzen","G1Minus":"Die Eisenrote W\u00fcste","G2Minus":"Himmelsspitzen West","G3Minus":"Himmelsspitzen Ost","Positives":["Berma-tal","nachtberge","Dunstspitzen"],"Negatives":["Die Eisenrote W\u00fcste","Himmelsspitzen West","Himmelsspitzen Ost"]}
{"Name":"Schmuck ","Herstellung\/Beschaffung":"aus Edelmetall handwerk, loot","Preis":413,"Volantilit\u00e4t":350,"G1Plus":"Herzland","G2Plus":"Eid Rah Kari","G3Plus":"Nors","G1Minus":"Eisland","G2Minus":"Wandia","G3Minus":"Skaen","Positives":["Herzland","Eid Rah Kari","Nors"],"Negatives":["Eisland","Wandia","Skaen"]}
{"Name":"Vorr\u00e4te ","Herstellung\/Beschaffung":"jagt, loot","Preis":25,"Volantilit\u00e4t":3,"G1Plus":"Eisland","G2Plus":"Appothis","G3Plus":"Die Eisenrote W\u00fcste","G1Minus":"Yondalla","G2Minus":"silva Nacia","G3Minus":"Grenzland","Positives":["Eisland","Appothis","Die Eisenrote W\u00fcste"],"Negatives":["Yondalla","silva Nacia","Grenzland"]}
{"Name":"Monsterkuriosit\u00e4t ","Herstellung\/Beschaffung":"monster loot von verschiedenen monstern einheitlich bepreist -gro\u00dfe monster mehr einheiten","Preis":48,"Volantilit\u00e4t":250,"G1Plus":"silva Nacia","G2Plus":"Oberreich","G3Plus":"Appothis","G1Minus":"Nebelhain","G2Minus":"Graue \u00d6dnis","G3Minus":"Grenze der Welt","Positives":["silva Nacia","Oberreich","Appothis"],"Negatives":["Nebelhain","Graue \u00d6dnis","Grenze der Welt"]}
{"Name":"Salz\/gew\u00fcrze","Herstellung\/Beschaffung":"Industriell hergestellt","Preis":2962,"Volantilit\u00e4t":160,"G1Plus":"Yondalla","G2Plus":"Wurmfall","G3Plus":"Oberreich","G1Minus":"Skaen","G2Minus":"Nors","G3Minus":"Brennende L\u00e4nder","Positives":["Yondalla","Wurmfall","Oberreich"],"Negatives":["Skaen","Nors","Brennende L\u00e4nder"]}
{"Name":"Stoffe","Herstellung\/Beschaffung":"Industriell hergestellt","Preis":36,"Volantilit\u00e4t":50,"G1Plus":"Brennende L\u00e4nder","G2Plus":"Eldira","G3Plus":"Nebelhain","G1Minus":"Oberreich","G2Minus":"Eid Rah Kari","G3Minus":"Berma-tal","Positives":["Brennende L\u00e4nder","Eldira","Nebelhain"],"Negatives":["Oberreich","Eid Rah Kari","Berma-tal"]}
{"Name":"Alkohol","Herstellung\/Beschaffung":"Industriell hergestellt","Preis":906,"Volantilit\u00e4t":45,"G1Plus":"Nors","G2Plus":"Grenzland","G3Plus":"Skaen","G1Minus":"Berma-tal","G2Minus":"Appothis","G3Minus":"nachtberge","Positives":["Nors","Grenzland","Skaen"],"Negatives":["Berma-tal","Appothis","nachtberge"]}
